[
    {
        "empId": 1,
        "empName": "Ishaque",
        "empSal": "28000",
        "empDep": "LnD",
        "empjoiningdate":"12/2/2023"
    },
    {
        "empId": 2,
        "empName": "snigdha",
        "empSal": "28343",
        "empDep": "GE",
        "empjoiningdate":"15/2/2023"
    },
    {
        "empId": 3,
        "empName": "Rashmi",
        "empSal": "24000",
        "empDep": "Admin"    ,
        "empjoiningdate":"12/2/2023"
    },
    {
        "empId": 4,
        "empName": "Srinivas",
        "empSal": "34023",
        "empDep": "HR",
        "empjoiningdate":"12/2/2023"
    }
]